case,stem,reel,last_word,A_s,B_s,C_s,render_end_s,next_onset_s,gap_type,owner_choice,notes
pxl0729_r01,pxl0729,r01,притягиваются.,679.913,679.050,680.427,679.150,679.970,silence,,
pxl0729_r02,pxl0729,r02,выпирающими.,1032.773,1032.830,1034.175,1032.930,1033.670,silence,,
pxl0729_r03,pxl0729,r03,теле.,1196.643,1195.670,1196.975,1195.770,1196.170,silence,,
pxl0729_r04,pxl0729,r04,идти.,1537.662,1537.710,1540.733,1537.810,1538.980,silence,,
pxl0729_r05,pxl0729,r05,психики.,1730.076,1729.660,1731.344,1729.800,1729.900,speech_next,,
pxl0729_r06,pxl0729,r06,теле.,1961.092,1961.090,1962.751,1961.190,1961.450,silence,,
pxl0729_r07,pxl0729,r07,меняетесь.,2057.232,2057.190,2058.108,2057.340,2057.440,speech_next,,
pxl0729_r08,pxl0729,r08,сильнее.,2147.255,2146.790,2147.385,2146.900,2147.000,speech_next,,
pxl0729_r09,pxl0729,r09,делаю.,2514.540,2515.910,2516.934,2515.950,2515.960,speech_next,,
pxl0729_r10,pxl0729,r10,такие.,2747.621,2747.210,2747.541,2747.300,2747.400,speech_next,,
lec1142_r01,lec1142,r01,непонятно.,91.540,91.600,92.103,91.700,92.070,silence,,
lec1142_r02,lec1142,r02,понятно?,194.220,193.740,195.088,193.780,193.810,speech_next,,
lec1142_r03,lec1142,r03,Понятно?,379.163,379.260,388.488,379.360,379.850,silence,,
lec1142_r04,lec1142,r04,работает.,426.246,426.160,431.893,426.200,426.270,speech_next,,
lec1142_r05,lec1142,r05,есть.,471.726,471.680,473.766,471.780,473.030,silence,,
img6848_r01,img6848,r01,реализовался.,231.389,231.459,233.934,231.499,231.509,speech_next,,
img6848_r02,img6848,r02,нужно.,675.815,675.680,677.247,675.870,675.970,speech_next,,
img6848_r03,img6848,r03,расслабился.,792.858,794.358,789.444,794.458,795.480,silence,,
img6848_r04,img6848,r04,отдых.,901.340,901.570,905.260,901.610,901.620,speech_next,,
img6848_r05,img6848,r05,человеком.,1097.303,1097.260,1091.245,1097.360,1098.050,silence,,
img6848_r06,img6848,r06,людям.,1232.484,1232.550,1239.369,1232.740,1232.840,speech_next,,
img6848_r07,img6848,r07,другим.,1441.916,1441.030,1443.149,1441.130,1441.620,silence,,
img6848_r08,img6848,r08,история.,1527.907,1526.560,1537.662,1526.660,1528.710,silence,,
img6848_r09,img6848,r09,себе.,1833.250,1832.850,1841.992,1832.950,1833.360,silence,,
img6848_r10,img6848,r10,далее.,1994.800,1996.300,1999.189,1996.470,1996.570,speech_next,,
lec0933_r01,lec0933,r01,собой.,32.900,33.370,27.470,33.410,33.420,speech_next,,
lec0933_r02,lec0933,r02,напряжение.,1055.241,1055.490,1064.373,1055.700,1055.800,speech_next,,
lec0933_r03,lec0933,r03,могут.,261.870,261.410,262.999,261.510,262.060,silence,,
